# Acerbi, Luigi   DBLP: https://dblp.org/pid/72/1450.html 
Acerbi,Ma,4
Acerbi,Vijayakumar,3
Acerbi,Dennunzio,3
Acerbi,Formenti,3
Acerbi,Wolpert,2
# Glowacka, Dorota   DBLP: https://dblp.org/pid/82/9381.html
Glowacka,Jacucci,14
Glowacka,Medlar,12
Glowacka,Athukorala,11
Glowacka,Kaski,11
Glowacka,Ruotsalo,8
# Heljanko, Keijo   DBLP:https://dblp.uni-trier.de/pid/h/KeijoHeljanko.html
Heljanko,Niemelä,11
Heljanko,Kähkönen,10
Heljanko,Junttila,9
Heljanko,Saarikivi,8
Heljanko,León,7
# Honkela, Antti   DBLP:https://dblp.uni-trier.de/pid/h/AnttiHonkela.html
Honkela,Kaski,11
Honkela,Jälkö,10
Honkela,Valpola,8
Honkela,Karhunen,8
Honkela,Rattray,7
# Hui, Pan   DBLP: https://dblp.org/pid/62/1272-1.html 
Hui,Li,65
Hui,Tarkoma,39
Hui,Chatzopoulos,38
Hui,Jin,36
Hui,Braud,33
# Hyvärinen, Aapo   DBLP: https://dblp.org/pid/56/3623.html
Hyvärinen,Hoyer,26
Hyvärinen,Shimizu,17
Hyvärinen,Zhang,14
Hyvärinen,Gutmann,14
Hyvärinen,Oja,13
# Jacucci, Giulio   DBLP:https://dblp.uni-trier.de/pid/j/GiulioJacucci.html
Jacucci,Ruotsalo,35
Jacucci,Gamberini,33
Jacucci,Kaski,18
Jacucci,Oulasvirta,17
Jacucci,Spagnolli,16
# Järvisalo, Matti   DBLP: https://dblp.uni-trier.de/pid/69/6999.html
Järvisalo,Berg,18
Järvisalo,Niskanen,15
Järvisalo,Hyttinen,14
Järvisalo,Wallner,14
Järvisalo,Saikko,11
# Kangasharju, Jussi   DBLP:https://dblp.uni-trier.de/pid/11/1704.html 
Kangasharju,Mühlhäuser,19
Kangasharju,Bayhan,19
Kangasharju,Wang,17
Kangasharju,Ott,17
Kangasharju,Mohan,14
# Kivinen, Jyrki   DBLP: https://dblp.org/pid/24/1118.html 
Kivinen,Warmuth,14
Kivinen,Mannila,6
Kivinen,Williamson,5
Kivinen,Ukkonen,4
Kivinen,Smola,3
# Klami, Arto   DBLP: https://dblp.org/pid/21/5316.html 
Klami,Kaski,25
Klami,Longi,7
Klami,Virtanen,6
Klami,Tripathi,5
Klami,Sakaya,4
# Koivisto, Mikko   DBLP: https://dblp.org/pid/k/MikkoKoivisto.html 
Koivisto,Kaski,27
Koivisto,Bjorklund,15
Koivisto,Husfeldt,15
Koivisto,Kangas,11
Koivisto,Niinimaki,10
# Lu, Jiaheng   DBLP:https://dblp.org/pid/l/JiahengLu.html
Lu,Xu,10 
Lu,Du,9
Lu,Bao,9
Lu,Lin,8
Lu,Meng,7
# Mathioudakis, Michael   DBLP: https://dblp.uni-trier.de/pid/80/3560.html 
Mathioudakis,Gionis,17
Mathioudakis,Garimella,11
Mathioudakis,Morales,10
Mathioudakis,Koudas,4
Mathioudakis,Falher,3
# Mikkonen, Tommi   DBLP: https://dblp.uni-trier.de/pid/80/5814.html
Mikkonen,Taivalsaari,42
Mikkonen,Systä,25
Mikkonen,Mäkitalo,23
Mikkonen,Kilamo,19
Mikkonen,Aaltonen,14
# Mustonen, Ville   DBLP: https://dblp.uni-trier.de/pid/07/11133.html
Mustonen,Vazquez-Garcia,2
Mustonen,Illingworth,2
Mustonen,Mitchell,1
Mustonen,Gonzalez,1
Mustonen,Kleinheinz,1
# Myllymäki, Petri   DBLP: https://dblp.uni-trier.de/pid/m/PMyllymaki.html
Myllymäki,Tirri,36
Myllymäki,Kontkanen,26
Myllymäki,Roos,20
Myllymäki,Silander,17
Myllymäki,Grunwald,8
# Mäkinen, Veli   DBLP: https://dblp.uni-trier.de/pid/77/2752.html
Mäkinen,Navarro,34
Mäkinen,Välimäki,20
Mäkinen,Tomescu,19
Mäkinen,Ukkonen,13
Mäkinen,Gagie,8
# Männistö, Tomi   DBLP: https://dblp.org/pid/31/3681.html
Männistö,Raatikainen,33
Männistö,Myllarniemi,23
Männistö,Savolainen,17
Männistö,Mikkonen,12
Männistö,Soininen,8
# Niemi, Valtteri   DBLP:https://dblp.org/pid/17/1565.html 
Niemi,Ginzboorg,16
Niemi,Meskanen,14
Niemi,Yan,13
Niemi,Jadliwala,8
Niemi,Ramezanian,8
# Nurmi, Petteri   DBLP: https://dblp.uni-trier.de/pid/83/3006.html 
Sasu,Tarkoma,28
Eemil,Lagerspetz,24
Huber,Flores,15
Patrik,Floreen,15
Sourav,Bhattacharya,12
# Nurminen, Jukka K.   DBLP: https://dblp.org/pid/38/1107.html
Nurminen,Siekkinen,21
Nurminen,Ashraful Hoque,10
Nurminen,Kelényi,10
Nurminen,Niemi,8
Nurminen,Ou,8
# Puglisi, Simon   DBLP: https://dblp.org/pid/p/SimonJPuglisi.html 
Puglisi,Kärkkäinen,30
Puglisi,Gagie, 28
Puglisi,Kempa,17
Puglisi,Turpin,16
Puglisi,Navarro,15
# Puolamäki, Kai   DBLP: https://dblp.uni-trier.de/pid/71/3034.html
Samuel,Kaski,12
Jefrey,Lijffijt,12
Emilia,Oikarinen,11
Andreas,Henelius,10
Panagiotis,Papapetrou,9
# Roos, Teemu   DBLP: https://dblp.uni-trier.de/pid/27/267.html 
Roos,Myllymäki,21
Roos,Tirri,8
Roos,Tasoulis,7
Roos,Zou,6
Roos,Leppä-aho,6
Roos,Grünwald,6
Roos,Jääsaari,6
# Ruotsalainen, Laura   DBLP: https://dblp.uni-trier.de/pid/135/1595.html
Ruotsalainen,Kuusniemi,14
Ruotsalainen,Kirkko-Jaakkola,9
Ruotsalainen,Bhuiyan,6
Ruotsalainen,Thombre,5
Ruotsalainen,Rantanen,5
# Tarkoma, Sasu DBLP: https://dblp.uni-trier.de/pid/66/5629.html
Tarkoma,Lagerspetz,33
Tarkoma,Hui,31
Tarkoma,Nurmi,28
Tarkoma,Ding,21
Tarkoma,Kangasharju,18
# Tatti, Nikolaj   DBLP:https://dblp.org/pid/28/488.html
Tatti,Gionis,20
Tatti,Vreeken,12
Tatti,Rozenshtein,10
Tatti,Cule,5
Tatti,Wu,3
# Tomescu, Alexandru I.   DBLP: https://dblp.uni-trier.de/pid/98/3921.html
Tomescu,Mäkinen,19
Tomescu,Rizzi,16
Tomescu,Policriti,12
Tomescu,Omodeo,9
Tomescu,Milanic,8
# Toivonen, Hannu   DBLP: https://dblp.org/pid/t/HannuToivonen.html 
Toivonen,Mannila,22
Toivonen,Toivanen,13
Toivonen,Gross,13
Toivonen,Wang,10
Toivonen,Zaki,10
# Žliobaitė, Indrė DBLP: https://dblp.uni-trier.de/pid/00/6690.html
Žliobaitė,Pechenizkiy,17
Žliobaitė,Bifet,9
Žliobaitė,Pfahringer,8
Žliobaitė,Hollmén,8
Žliobaitė,Holmes,6
